locustfile,User Count,Total Request Count,Total Failure Count,Requests/s,Total Median Response Time,Total Average Response Time,Total Min Response Time,Total Max Response Time,Total Average Content Size,50%,66%,75%,80%,90%,95%,98%,99%,99.9%,99.99%,100%
locustfile_same_msgs,500,13412,438,31.2,6300.0,7806.75688992508,585.3282500000319,146997.885125,6854.259916492693,6300.0,7400.0,8500.0,9400.0,13000.0,18000.0,32000.0,53000.0,86000.0,144000.0,147000.0
locustfile_val_msgs,500,13225,420,35.8,6400.0,7930.467560167006,586.9305409999583,146113.60208299998,5876.1761814744805,6400.0,7500.0,8600.0,9500.0,13000.0,18000.0,33000.0,54000.0,82000.0,144000.0,146000.0
locustfile_val_msgs_spell,500,12959,420,30.4,6500.0,8051.030856271186,600.2679580000176,143343.366125,5862.794042750213,6500.0,7600.0,9100.0,9800.0,14000.0,18000.0,33000.0,53000.0,100000.0,143000.0,143000.0
